ROC_Year,AD_Year,Total_Population,Unmarried,Married,Divorced,Widowed,Calculated_Total,Check_Passed
民國63年,1974,10485468,3912836,5995646,90834,486152,10485468,True
民國64年,1975,10825251,4024562,6204882,97796,498011,10825251,True
民國65年,1976,11146768,4122355,6417691,103355,503367,11146768,True
民國66年,1977,11475146,4219683,6629185,108434,517844,11475146,True
民國67年,1978,11802358,4323775,6822275,118666,537642,11802358,True
民國68年,1979,12126760,4382738,7072961,129715,541346,12126760,True
民國69年,1980,12439598,4449294,7290859,143342,556103,12439598,True
民國70年,1981,12730398,4503526,7500242,157421,569209,12730398,True
民國71年,1982,13000624,4561368,7682336,174160,582760,13000624,True
民國72年,1983,13310877,4649973,7871107,189846,599951,13310877,True
民國73年,1984,13597681,4736547,8043506,207433,610195,13597681,True
民國74年,1985,13850416,4788913,8206604,228765,626134,13850416,True
民國75年,1986,14124412,4880194,8347803,251518,644897,14124412,True
民國76年,1987,14375525,4940975,8496036,278616,659898,14375525,True
民國77年,1988,14613390,4972862,8661316,300959,678253,14613390,True
民國78年,1989,14875940,5046846,8800405,329411,699278,14875940,True
民國79年,1990,15178681,5148040,8958079,359495,713067,15178681,True
民國80年,1991,15441275,5217763,9111326,385829,726357,15441275,True
民國81年,1992,15715711,5313253,9243887,412663,745908,15715711,True
民國82年,1993,16008293,5494163,9318065,439759,756306,16008293,True
民國83年,1994,16281348,5591542,9421965,481493,786348,16281348,True
民國84年,1995,16542890,5659715,9535033,530359,817783,16542890,True
民國85年,1996,16828535,5749199,9647683,582167,849486,16828535,True
民國86年,1997,17113191,5872881,9728171,634162,877977,17113191,True
民國87年,1998,17357791,5945659,9818044,689440,904648,17357791,True
民國88年,1999,17573579,5990604,9908126,744394,930455,17573579,True
民國89年,2000,17743684,6024053,9960660,803276,955695,17743684,True
民國90年,2001,17921884,6067180,10008726,865989,979989,17921884,True
民國91年,2002,18122930,6151231,10038668,929196,1003835,18122930,True
民國92年,2003,18302040,6249669,10021216,1001407,1029748,18302040,True
民國93年,2004,18511334,6352447,10029173,1073257,1056457,18511334,True
民國94年,2005,18730896,6441018,10058108,1147975,1083795,18730896,True
民國95年,2006,18927715,6535786,10070986,1211868,1109075,18927715,True
民國96年,2007,19131828,6601228,10128749,1268316,1133535,19131828,True
民國97年,2008,19341754,6728720,10123793,1330451,1158790,19341754,True
民國98年,2009,19537812,6819872,10143762,1390544,1183634,19537812,True
民國99年,2010,19723122,6858488,10214026,1442951,1207657,19723122,True
民國100年,2011,19904145,6942080,10235154,1496101,1230810,19904145,True
民國101年,2012,20026916,6957942,10271403,1543498,1254073,20026916,True
民國102年,2013,20156453,6987591,10304233,1587914,1276715,20156453,True
民國103年,2014,20304294,7032477,10342769,1630352,1298696,20304294,True
民國104年,2015,20397935,7041373,10364347,1673523,1318692,20397935,True
民國105年,2016,20479354,7057410,10365393,1718652,1337899,20479354,True
民國106年,2017,20540705,7058572,10362098,1763667,1356368,20540705,True
民國107年,2018,20592770,7054060,10356627,1808456,1373627,20592770,True
民國108年,2019,20597840,7036146,10322361,1849802,1389531,20597840,True
民國109年,2020,20485406,6980709,10228786,1875561,1400350,20485406,True
民國110年,2021,20445471,6945945,10179241,1906228,1414057,20445471,True
民國111年,2022,20627029,7015788,10220373,1957218,1433650,20627029,True
民國112年,2023,20657834,7022345,10189958,1996959,1448572,20657834,True
民國113年,2024,20617242,7010629,10109818,2033994,1462801,20617242,True
